2010-03-14,      8.11
2010-03-15,      9.41
2010-03-16,      9.48
2010-03-17,      9.79
2010-03-18,     10.47
2010-03-19,     10.73
2010-03-20,     11.15
2010-03-21,     11.62
2010-03-22,     12.66
2010-03-23,     13.75
2010-03-24,     14.76
2010-03-25,     15.41
2010-03-26,     15.41
2010-03-27,     15.56
2010-03-28,     15.46
2010-03-29,     15.98
2010-03-30,     16.31
2010-03-31,     15.87
2010-04-01,     13.86
2010-04-02,     15.14
2010-04-03,     15.53
2010-04-04,     16.32
2010-04-05,     15.80
2010-04-06,     15.84
2010-04-07,     15.76
2010-04-08,     15.09
2010-04-09,     14.89
2010-04-10,     15.23
2010-04-11,     14.16
2010-04-12,     12.35
2010-04-13,     11.66
2010-04-14,     12.57
2010-04-15,     12.81
2010-04-16,     13.23
2010-04-17,     13.98
2010-04-18,     14.32
2010-04-19,     14.87
2010-04-20,     15.24
2010-04-21,     14.94
2010-04-22,     15.22
2010-04-23,     14.96
2010-04-24,     14.40
2010-04-25,     14.10
2010-04-26,     14.13
2010-04-27,     14.55
2010-04-28,     14.81
2010-04-29,     15.04
2010-04-30,     15.12
2010-05-01,     15.23
2010-05-02,     15.48
2010-05-03,     15.94
2010-05-04,     15.83
2010-05-05,     15.67
2010-05-06,     16.18
2010-05-07,     16.09
2010-05-08,     15.85
2010-05-09,     16.18
2010-05-10,     16.43
2010-05-11,     16.29
2010-05-12,     16.52
2010-05-13,     16.85
2010-05-14,     17.19
2010-05-15,     17.38
2010-05-16,     17.57
2010-05-17,     17.75
2010-05-18,     17.68
2010-05-19,     17.64
2010-05-20,     17.57
2010-05-21,     17.65
2010-05-22,     17.56
2010-05-23,     17.63
2010-05-24,     18.02
2010-05-25,     18.51
2010-05-26,     18.45
2010-05-27,     18.18
2010-05-28,     17.26
2010-05-29,     17.57
2010-05-30,     18.04
2010-05-31,     18.42
2010-06-01,     18.78
2010-06-02,     19.26
2010-06-03,     19.41
2010-06-04,     19.46
2010-06-05,     19.36
2010-06-06,     19.17
2010-06-07,     19.00
2010-06-08,     18.87
2010-06-09,     18.69
2010-06-10,     18.46
2010-06-11,     18.61
2010-06-12,     18.90
2010-06-13,     19.15
2010-06-14,     19.44
2010-06-15,     19.48
2010-06-16,     19.53
2010-06-17,     19.51
2010-06-18,     19.61
2010-06-19,     19.49
2010-06-20,     19.34
2010-06-21,     19.32
2010-06-22,     19.42
2010-06-23,     19.37
2010-06-24,     19.57
2010-06-25,     19.60
2010-06-26,     19.87
2010-06-27,     20.02
2010-06-28,     19.88
2010-06-29,     19.68
2010-06-30,     19.86
2010-07-01,     19.65
2010-07-02,     20.50
2010-07-03,     20.67
2010-07-04,     20.83
2010-07-05,     21.14
2010-07-06,     21.08
2010-07-07,     21.03
2010-07-08,     21.09
2010-07-09,     21.20
2010-07-10,     21.37
2010-07-11,     21.61
2010-07-12,     21.86
2010-07-13,     22.03
2010-07-14,     22.23
2010-07-15,     22.43
2010-07-16,     22.66
2010-07-17,     22.82
2010-07-18,     22.89
2010-07-19,     22.83
2010-07-20,     23.01
2010-07-21,     23.08
2010-07-22,     23.28
2010-07-23,     23.41
2010-07-24,     23.46
2010-07-25,     23.46
2010-07-26,     23.52
2010-07-27,     23.55
2010-07-28,     23.61
2010-07-29,     23.73
2010-07-30,     23.75
2010-07-31,     23.78
2010-08-01,     23.91
2010-08-02,     23.97
2010-08-03,     23.68
2010-08-04,     23.39
2010-08-05,     23.32
2010-08-06,     23.41
2010-08-07,     23.49
2010-08-08,     23.68
2010-08-09,     23.88
2010-08-10,     22.91
2010-08-11,     24.22
2010-08-12,     24.16
2010-08-13,     24.22
2010-08-14,     24.43
2010-08-15,     24.54
2010-08-16,     24.63
2010-08-17,     24.79
2010-08-18,     24.77
2010-08-19,     24.74
2010-08-20,     24.60
2010-08-21,     24.60
2010-08-22,     24.65
2010-08-23,     24.64
2010-08-24,     24.59
2010-08-25,     24.63
2010-08-26,     24.69
2010-08-27,     24.68
2010-08-28,     24.66
2010-08-29,     24.69
2010-08-30,     24.86
2010-08-31,     24.95
2010-09-01,     25.09
2010-09-02,     25.13
2010-09-03,     25.16
2010-09-04,     25.24
2010-09-05,     25.33
2010-09-06,     25.41
2010-09-07,     25.59
2010-09-08,     25.79
2010-09-09,     25.96
2010-09-10,     26.06
2010-09-11,     26.18
2010-09-12,     26.31
2010-09-13,     26.37
2010-09-14,     26.44
2010-09-15,     26.43
2010-09-16,     26.35
2010-09-17,     26.28
2010-09-18,     26.15
2010-09-19,     26.11
2010-09-20,     26.18
2010-09-21,     26.27
2010-09-22,     26.25
2010-09-23,     26.31
2010-09-24,     26.37
2010-09-25,     26.38
2010-09-26,     26.43
2010-09-27,     26.44
2010-09-28,     26.47
2010-09-29,     26.47
2010-09-30,     26.41
2010-10-01,     26.47
2010-10-02,     26.49
2010-10-03,     26.48
2010-10-04,     26.51
2010-10-05,     26.53
2010-10-06,     26.59
2010-10-07,     26.64
2010-10-08,     26.69
2010-10-09,     26.77
2010-10-10,     26.78
2010-10-11,     26.82
2010-10-12,     26.92
2010-11-10,     21.38
2010-11-11,     21.52
2010-11-12,     21.47
2010-11-13,     21.69
2010-11-14,     21.85
2010-11-15,     21.86
2010-11-16,     21.91
2010-11-17,     22.03
2010-11-18,     22.09
2010-11-19,     22.15
2010-11-20,     20.34
2010-11-21,     18.78
2010-11-22,     19.64
2010-11-23,     19.69
2010-11-24,     19.62
2010-11-25,     19.62
2010-11-26,     19.74
2010-11-27,     19.23
2010-11-28,     18.30
2010-11-29,     17.94
2010-11-30,     18.00
2010-12-01,     18.41
2010-12-02,     18.88
2010-12-03,     18.95
2010-12-04,     19.25
2010-12-05,     17.17
2010-12-06,     16.29
2010-12-07,     17.57
2010-12-08,     16.30
2010-12-09,     16.04
2010-12-10,     17.07
2010-12-11,     16.82
2010-12-12,     16.69
2010-12-13,     16.72
2010-12-14,     17.16
2010-12-15,     16.69
2010-12-16,     16.43
2010-12-17,     16.00
2010-12-18,     13.76
2010-12-19,     13.38
2010-12-20,     14.17
2010-12-21,     13.17
2010-12-22,      9.88
2010-12-23,     10.58
2010-12-24,      9.64
2010-12-25,      8.41
2010-12-26,      6.24
2010-12-27,      5.90
2010-12-28,      5.51
2010-12-29,      3.79
2010-12-30,      4.60
2010-12-31,      5.23
2011-01-01,      4.44
2011-01-02,      3.55
2011-01-03,      3.91
2011-01-04,      4.33
2011-01-05,      4.69
2011-01-06,      4.99
2011-01-07,      5.25
2011-01-08,      5.36
2011-01-09,      5.39
2011-01-10,      5.52
2011-01-11,      5.60
2011-01-12,      5.54
2011-01-13,      5.51
2011-01-14,      5.68
2011-01-15,      5.95
2011-01-16,      6.48
2011-01-17,      7.02
2011-01-18,      7.52
2011-01-19,      9.49
2011-01-20,     10.19
2011-01-21,     10.75
2011-01-22,     11.21
2011-01-23,     11.41
2011-01-24,     11.60
2011-01-25,     11.87
2011-01-26,     12.15
2011-01-27,     12.36
2011-01-28,     12.38
2011-01-29,     12.51
2011-01-30,     11.96
2011-01-31,     11.12
2011-02-01,     11.46
2011-02-02,     11.62
2011-02-03,     11.71
2011-02-04,     11.82
2011-02-05,     11.90
2011-02-06,     11.93
2011-02-07,     11.98
2011-02-08,     12.07
2011-02-09,     12.07
2011-02-10,     13.51
2011-02-11,     13.52
2011-02-12,     13.34
2011-02-13,     13.48
2011-02-14,     14.65
2011-02-15,     17.93
2011-02-16,     14.48
2011-02-17,     12.34
2011-02-18,     10.20
2011-02-19,      8.01
2011-02-20,      7.36
2011-02-21,      8.49
2011-02-22,      9.71
2011-02-23,     10.21
2011-02-24,     10.23
2011-02-25,      8.28
2011-02-26,      9.67
2011-02-27,     10.22
2011-02-28,     10.26
2011-03-01,     10.27
2011-03-02,      6.36
2011-03-03,      5.79
2011-03-04,      5.22
2011-03-05,      5.54
2011-03-06,      5.34
2011-03-07,      6.81
2011-03-08,      7.96
2011-03-09,      7.87
2011-03-10,      9.40
2011-03-11,      9.10
2011-03-12,      9.03
2011-03-13,      9.43
2011-03-14,      8.60
2011-03-15,      8.69
2011-03-16,      8.17
2011-03-17,      7.35
2011-03-18,      6.41
2011-03-19,      4.31
2011-03-20,      3.56
2011-03-21,      4.38
2011-03-22,      5.35
2011-03-23,      3.77
2011-03-24,      2.23
2011-03-25,      1.88
2011-03-26,      1.43
2011-03-27,      1.23
2011-03-28,      1.31
2011-03-29,      1.24
2011-03-30,      1.40
2011-03-31,      1.46
2011-04-01,      1.56
2011-04-02,      1.68
2011-04-03,      1.97
2011-04-04,      2.36
2011-04-05,      2.69
2011-04-06,      3.09
2011-04-07,      4.22
2011-04-08,      5.12
2011-04-09,      5.30
2011-04-10,      5.50
2011-04-11,      5.82
2011-04-12,      5.80
2011-04-13,      6.00
2011-04-14,      6.19
2011-04-15,      6.59
2011-04-16,      7.04
2011-04-17,      7.84
2011-04-18,      8.77
2011-04-19,      9.17
2011-04-20,      9.46
2011-04-21,      9.32
2011-04-22,      9.43
2011-04-23,      9.54
2011-04-24,      9.07
2011-04-25,      8.99
2011-04-26,      9.14
2011-04-27,      9.14
2011-04-28,      8.86
2011-04-29,      8.79
2011-04-30,      8.95
2011-05-01,      9.14
2011-05-02,      9.48
2011-05-03,     10.01
2011-05-04,     10.29
2011-05-05,     10.56
2011-05-06,     11.17
2011-05-07,     13.50
2011-05-08,     14.00
2011-05-09,     14.43
2011-05-10,     13.45
2011-05-11,     12.09
2011-05-12,     12.21
2011-05-13,     12.34
2011-05-14,     12.75
2011-05-15,     13.42
2011-05-16,     13.69
2011-05-17,     12.68
2011-05-18,     12.28
2011-05-19,     12.87
2011-05-20,     13.49
2011-05-21,     13.54
2011-05-22,     12.87
2011-05-23,     12.86
2011-05-24,     12.66
2011-05-25,     12.06
2011-05-26,     11.28
2011-05-27,     11.57
2011-05-28,     13.23
2011-05-29,     12.95
2011-05-30,     13.39
2011-05-31,     13.98
2011-06-01,     13.83
2011-06-02,     13.64
2011-06-03,     13.76
2011-06-04,     10.98
2011-06-05,     10.69
2011-06-06,     11.48
2011-06-07,     12.44
2011-06-08,     12.94
2011-06-09,     13.17
2011-06-10,     12.69
2011-06-11,     12.50
2011-06-12,     12.70
2011-06-13,     13.04
2011-06-14,     13.17
2011-06-15,     13.23
2011-06-16,     13.07
2011-06-17,     12.60
2011-06-18,     12.56
2011-06-19,     12.85
2011-06-20,     12.62
2011-06-21,     12.79
2011-06-22,     12.72
2011-06-23,     12.39
2011-06-24,     12.10
2011-06-25,     11.99
2011-06-26,     11.93
2011-06-27,     11.91
2011-06-28,     11.93
2011-06-29,     11.66
2011-06-30,     11.98
2011-07-01,     12.28
2011-07-02,     12.62
2011-07-03,     12.78
2011-07-04,     13.08
2011-07-05,     13.18
2011-07-06,     13.29
2011-07-07,     13.40
2011-07-08,     13.43
2011-07-09,     13.68
2011-07-10,     13.90
2011-07-11,     14.17
2011-07-12,     14.43
2011-07-13,     14.95
2011-07-14,     15.42
2011-07-15,     15.75
2011-07-16,     15.83
2011-07-17,     15.95
2011-07-18,     16.17
2011-07-19,     16.42
2011-07-20,     16.58
2011-07-21,     16.72
2011-07-22,     16.87
2011-07-23,     16.98
2011-07-24,     17.08
2011-07-25,     17.21
2011-07-26,     17.36
2011-07-27,     17.51
2011-07-28,     17.61
2011-07-29,     17.81
2011-07-30,     18.01
2011-07-31,     18.21
2011-08-01,     18.39
2011-08-02,     18.57
2011-08-03,     18.60
2011-08-04,     18.95
2011-08-05,     19.07
2011-08-06,     19.10
2011-08-07,     19.07
2011-08-08,     19.11
2011-08-09,     19.16
2011-08-10,     19.22
2011-08-11,     19.59
2011-08-12,     19.89
2011-08-13,     20.14
2011-08-14,     20.31
2011-08-15,     20.41
2011-08-16,     20.38
2011-08-17,     20.17
2011-08-18,     20.05
2011-08-19,     20.04
2011-08-20,     20.06
2011-08-21,     20.19
2011-08-22,     20.20
2011-08-23,     20.22
2011-08-24,     20.25
2011-08-25,     20.36
2011-08-26,     20.51
2011-08-27,     20.73
2011-08-28,     20.90
2011-08-29,     21.03
2011-08-30,     21.14
2011-08-31,     21.26
2011-09-01,     21.38
2011-09-02,     21.46
2011-09-03,     21.50
2011-09-04,     21.53
2011-09-05,     21.48
2011-09-06,     21.43
2011-09-07,     21.35
2011-09-08,     21.36
2011-09-09,     21.34
2011-09-10,     21.34
2011-09-11,     21.44
2011-09-12,     21.49
2011-09-13,     21.49
2011-09-14,     21.70
2011-09-15,     21.79
2011-09-16,     21.82
2011-09-17,     21.79
2011-09-18,     21.87
2011-09-19,     21.81
2011-09-20,     21.29
2011-09-21,     20.87
2011-09-22,     20.76
2011-09-23,     20.73
2011-09-24,     20.60
2011-09-25,     20.53
2011-09-26,     20.54
2011-09-27,     20.57
2011-09-28,     20.55
2011-09-29,     20.53
2011-09-30,     20.53
2011-10-01,     20.65
2011-10-02,     20.72
2011-10-03,     20.56
2011-10-04,     19.91
2011-10-05,     17.10
2011-10-06,     13.81
2011-10-18,     18.60
2011-11-16,     18.64
2011-11-18,     19.47
2011-11-19,     19.61
2011-11-20,     18.26
2011-11-21,     16.27
2011-11-22,     17.28
2011-11-23,     19.07
2011-11-24,     19.18
2011-11-25,     19.17
2011-11-26,     19.38
2011-11-27,     19.54
2011-11-28,     19.58
2011-11-29,     18.57
2012-01-02,     20.87
2012-01-03,     20.80
2012-01-04,     20.79
2012-01-05,     20.75
2012-01-06,     20.92
2012-01-07,     20.94
2012-01-08,     20.90
2012-01-09,     21.01
2012-01-10,     21.12
2012-01-11,     21.09
2012-01-12,     21.02
2012-01-13,     21.16
2012-02-04,     17.14
2012-02-05,     17.26
2012-02-06,     17.41
2012-02-07,     16.52
2012-02-08,     15.83
2012-02-09,     16.00
2012-02-10,     16.24
2012-02-11,     16.42
2012-02-12,     16.89
2012-02-13,      8.47
2012-02-14,      9.57
2012-02-15,     17.40
2012-02-16,     18.15
2012-02-17,     18.27
2012-02-18,     18.36
2012-02-19,     18.47
2012-02-20,     18.52
2012-02-21,     18.38
2012-02-22,     18.24
2012-02-23,     18.32
2012-02-24,     18.85
2012-03-12,     20.17
2012-03-13,     18.08
2012-03-14,     15.50
2012-03-15,     18.16
2012-03-16,     17.01
2012-03-17,     16.17
2012-03-18,     14.72
2012-03-19,     15.58
2012-03-20,     14.79
2012-03-21,     14.77
2012-03-22,     14.95
2012-03-23,     15.19
2012-03-24,     14.05
2012-03-25,      8.91
2012-03-26,     11.50
2012-03-27,     11.52
2012-03-28,     11.13
2012-03-29,     13.89
2012-03-30,     13.62
2012-03-31,     12.39
2012-04-01,     11.88
2012-04-02,     12.14
2012-04-03,     11.89
2012-04-04,     11.68
2012-04-05,     11.88
2012-04-06,     12.51
2012-04-07,     13.22
2012-04-08,     13.77
2012-04-09,     14.34
2012-04-10,     15.01
2012-04-11,     15.02
2012-04-12,     13.68
2012-04-13,     13.91
2012-04-14,     14.80
2012-04-15,     14.27
2012-04-16,     14.07
2012-04-17,     13.84
2012-04-18,     13.49
2012-04-19,     13.44
2012-04-20,     13.46
2012-04-21,     13.58
2012-04-22,     13.53
2012-04-23,     13.95
2012-04-24,     15.11
2012-04-25,     14.90
2012-04-26,     14.41
2012-04-27,     14.97
2012-04-28,     15.48
2012-04-29,     14.79
2012-04-30,     14.19
2012-05-01,     14.60
2012-05-02,     15.07
2012-05-03,     15.51
2012-05-04,     15.82
2012-05-05,     16.18
2012-05-06,     16.45
2012-05-07,     16.69
2012-05-08,     16.87
2012-05-09,     17.12
2012-05-10,     17.35
2012-05-11,     17.79
2012-05-12,     17.96
2012-05-13,     18.08
2012-05-14,     18.06
2012-05-15,     17.96
2012-05-16,     17.87
2012-05-17,     17.93
2012-05-18,     18.19
2012-05-19,     18.62
2012-05-20,     18.71
2012-05-21,     18.85
2012-05-22,     19.07
2012-05-23,     19.59
2012-05-24,     20.51
2012-05-25,     21.17
2012-05-26,     21.82
2012-05-27,     21.26
2012-05-28,     21.40
2012-05-29,     21.44
2012-05-30,     21.46
2012-05-31,     21.51
2012-06-01,     21.69
2012-06-02,     21.81
2012-06-03,     22.00
2012-06-04,     22.13
2012-06-05,     22.54
2012-06-06,     22.99
2012-06-07,     23.37
2012-06-08,     23.64
2012-06-09,     23.85
2012-06-10,     24.19
2012-06-11,     24.36
2012-06-12,     24.17
2012-06-13,     23.62
2012-06-14,     23.83
2012-06-15,     24.13
2012-06-16,     24.34
2012-06-17,     24.26
2012-06-18,     24.35
2012-06-19,     24.29
2012-06-20,     24.27
2012-06-21,     24.38
2012-06-22,     24.64
2012-06-23,     24.72
2012-06-24,     24.97
2012-06-25,     25.04
2012-06-26,     25.03
2012-06-27,     24.77
2012-06-28,     24.80
2012-06-29,     24.75
2012-06-30,     24.77
2012-07-01,     24.76
2012-07-02,     24.69
2012-07-03,     24.53
2012-07-04,     24.51
2012-07-05,     24.83
2012-07-06,     24.61
2012-07-07,     24.36
2012-07-08,     24.31
2012-07-09,     24.46
2012-07-10,     24.59
2012-07-11,     24.77
2012-07-12,     24.80
2012-07-13,     24.76
2012-07-14,     24.66
2012-07-15,     24.47
2012-07-16,     24.60
2012-07-17,     24.91
2012-07-18,     25.21
2012-07-19,     25.01
2012-07-20,     25.00
2012-07-21,     24.92
2012-07-22,     24.59
2012-07-23,     24.51
2012-07-24,     24.84
2012-07-29,     25.25
2012-07-30,     25.94
2012-07-31,     25.75
2012-08-01,     25.69
2012-08-02,     25.59
2012-08-03,     25.47
2012-08-04,     25.39
2012-08-05,     25.45
2012-08-06,     25.46
2012-08-07,     25.43
2012-08-08,     25.39
2012-08-09,     25.42
2012-08-10,     25.40
2012-08-11,     25.15
2012-08-12,     24.84
2012-08-13,     24.24
2012-08-14,     23.59
2012-08-15,     23.29
2012-08-16,     23.19
2012-08-17,     23.05
2012-08-18,     23.05
2012-08-19,     23.16
2012-08-20,     23.23
2012-08-21,     23.28
2012-08-22,     23.18
2012-08-26,     26.12
2012-08-27,     26.08
2012-08-28,     26.02
2012-08-29,     25.99
2012-08-30,     25.98
2012-08-31,     25.95
2012-09-01,     25.93
2012-09-02,     25.93
2012-09-03,     25.88
2012-09-04,     25.89
2012-09-05,     25.95
2012-09-06,     25.90
2012-09-07,     25.94
2012-09-08,     25.88
2012-09-09,     25.93
2012-09-10,     25.88
2012-09-11,     25.75
2012-09-12,     25.77
2012-09-13,     25.82
2012-09-14,     25.97
2012-09-15,     26.03
2012-09-16,     26.07
2012-09-17,     25.99
2012-09-18,     25.84
2012-09-19,     26.45
2012-09-20,     26.95
2012-09-21,     27.04
2012-09-22,     27.08
2012-09-23,     26.99
2012-09-24,     26.97
2012-09-25,     26.96
2012-09-26,     26.91
2012-09-27,     26.90
2012-09-28,     26.88
2012-09-29,     26.86
2012-09-30,     26.82
2012-10-01,     26.76
2012-10-02,     26.80
2012-10-03,     27.01
2012-10-04,     27.09
2012-10-05,     27.17
2012-10-06,     27.19
2012-10-07,     27.17
2012-10-08,     27.06
2012-10-09,     26.94
2012-10-10,     26.78
2012-10-11,     26.72
2012-10-12,     26.71
2012-10-13,     26.68
2012-10-14,     26.59
2012-10-15,     26.58
2012-10-16,     26.57
2012-10-17,     26.69
2012-10-18,     26.71
2012-10-19,     26.61
2012-10-20,     26.71
2012-10-21,     26.80
2012-10-22,     25.10
2012-10-23,     22.97
2012-10-24,     22.46
2012-10-25,     22.36
2012-10-26,     22.48
2012-10-27,     22.83
2012-10-28,     23.16
2012-10-29,     23.33
2012-10-30,     23.54
2012-10-31,     23.70
2012-11-01,     22.41
2012-11-02,     22.11
2012-11-03,     22.28
2012-11-04,     22.36
2012-11-05,     22.57
2012-11-06,     22.67
2012-11-13,     22.17
2012-11-14,     22.99
2012-11-15,     23.28
2012-11-16,     22.86
2012-11-17,     17.54
2012-11-18,     17.86
2012-11-19,     18.25
2012-11-20,     19.56
2012-11-21,     19.08
2012-11-22,     19.19
2012-11-23,     19.19
2012-11-24,     19.90
2012-11-25,     20.43
2012-11-26,     20.64
2012-11-27,     20.70
2012-11-28,     18.75
2012-11-29,     18.44
2012-11-30,     15.32
2012-12-01,     16.51
2012-12-02,     12.69
2012-12-03,     19.09
2012-12-04,     15.83
2012-12-05,     16.31
2012-12-06,     14.10
2012-12-07,     13.48
2012-12-08,     13.16
2012-12-09,     12.76
2012-12-10,     12.66
2012-12-11,     13.03
2012-12-12,     13.48
2012-12-13,     13.98
2012-12-14,     14.30
2012-12-15,     14.01
2012-12-16,     13.40
2012-12-17,     12.40
2012-12-18,     11.71
2012-12-19,     11.75
2012-12-20,     12.50
2012-12-21,     11.77
2012-12-22,      8.09
2012-12-23,      7.64
2012-12-24,      8.73
2012-12-25,      7.90
2012-12-26,      6.19
2012-12-27,      6.31
2012-12-28,      5.95
2012-12-29,      6.58
2013-01-03,      5.72
2013-01-04,      5.86
2013-01-05,      6.14
2013-01-06,      5.79
2013-01-07,      6.33
2013-01-08,      7.02
2013-01-09,      8.01
2013-01-10,      9.16
2013-01-11,      9.99
2013-01-12,     10.68
2013-01-13,     10.97
2013-01-14,     11.01
2013-01-15,     10.88
2013-01-16,     10.90
2013-01-17,     11.16
2013-01-18,     11.53
2013-01-19,     11.79
2013-01-20,     12.07
2013-01-21,     12.11
2013-01-22,     12.34
2013-01-23,     12.15
2013-01-24,     11.94
2013-01-25,     12.38
2013-01-26,     13.29
2013-01-27,     13.68
2013-01-28,     13.95
2013-01-29,     14.01
2013-01-30,     14.16
2013-01-31,     15.07
2013-02-06,     16.43
2013-02-07,     15.73
2013-02-08,     15.87
2013-02-09,     16.11
2013-02-10,     16.28
2013-02-11,     16.36
2013-02-12,     16.28
2013-02-13,     16.24
2013-02-14,     16.18
2013-02-15,     16.17
2013-02-16,     16.21
2013-02-17,     16.32
2013-02-18,     16.26
2013-02-19,     16.23
2013-02-20,     16.36
2013-02-21,     16.76
2013-02-22,     16.70
2013-02-23,     16.78
2013-02-24,     16.93
2013-02-25,     16.94
2013-02-26,     17.02
2013-02-27,     16.97
2013-02-28,     17.40
2013-03-14,     18.85
2013-03-15,     18.95
2013-03-16,     18.84
2013-03-17,     18.78
2013-03-18,     18.90
2013-03-19,     19.38
2013-03-20,     19.53
2013-03-21,     19.31
2013-03-22,     19.26
2013-03-23,     19.25
2013-03-24,     19.34
2013-03-25,     19.40
2013-03-26,     19.53
2013-03-27,     19.75
2013-03-28,     19.76
2013-03-29,     19.90
2013-03-30,     20.22
2013-03-31,     20.14
2013-04-01,     19.90
2013-04-02,     19.71
2013-04-03,     20.09
2013-04-04,     18.03
2013-04-05,     18.09
2013-04-06,     17.95
2013-04-07,     18.04
2013-04-08,     18.33
2013-04-09,     18.82
2013-04-10,     19.24
2013-04-11,     19.74
2013-04-12,     20.33
2013-04-13,     20.59
2013-04-14,     20.92
2013-04-15,     21.14
2013-04-16,     21.75
2013-04-17,     21.94
2013-04-18,     21.20
2013-04-19,     20.24
2013-04-20,     19.87
2013-04-21,     19.81
2013-04-22,     19.88
2013-04-23,     19.77
2013-04-24,     19.76
2013-04-25,     19.96
2013-04-26,     20.30
2013-04-27,     20.65
2013-04-28,     21.03
2013-04-29,     21.53
2013-04-30,     22.04
2013-05-01,     22.29
2013-05-02,     22.47
2013-05-03,     22.64
2013-05-04,     22.74
2013-05-05,     22.84
2013-05-06,     22.78
2013-05-07,     22.70
2013-05-08,     22.63
2013-05-09,     22.56
2013-05-10,     22.88
2013-05-11,     23.03
2013-05-12,     23.06
2013-05-13,     23.16
2013-05-14,     23.19
2013-05-15,     23.26
2013-05-16,     23.88
2013-05-17,     24.33
2013-05-18,     24.16
2013-05-19,     23.61
2013-05-20,     23.71
2013-05-21,     23.64
2013-05-22,     23.95
2013-05-23,     24.17
2013-05-24,     24.32
2013-05-25,     24.35
2013-05-26,     24.64
2013-05-27,     24.74
2013-05-28,     24.88
2013-05-29,     25.01
2013-05-30,     25.09
2013-05-31,     25.10
2013-06-01,     25.26
2013-06-02,     24.45
2013-06-03,     23.82
2013-06-04,     22.47
2013-06-05,     22.65
2013-06-06,     22.80
2013-06-07,     22.94
2013-06-08,     22.91
2013-06-09,     23.08
2013-06-10,     23.35
2013-06-11,     23.48
2013-06-12,     23.68
2013-06-13,     25.57
2013-06-14,     25.65
2013-06-15,     25.82
2013-06-16,     25.88
2013-06-17,     25.84
2013-06-18,     25.88
2013-06-19,     26.10
2013-06-20,     25.99
2013-06-21,     25.96
2013-06-22,     26.12
2013-06-23,     26.23
2013-06-24,     25.78
2013-06-25,     24.61
2013-06-26,     24.25
2013-06-27,     24.53
2013-06-28,     24.84
2013-06-29,     25.12
2013-06-30,     25.14
2013-07-01,     25.33
2013-07-02,     25.35
2013-07-03,     25.54
2013-07-04,     25.33
2013-07-05,     25.33
2013-07-06,     25.47
2013-07-07,     25.44
2013-07-08,     25.42
2013-07-09,     26.55
2013-07-10,     26.61
2013-07-11,     26.67
2013-07-12,     26.65
2013-07-13,     26.51
2013-07-14,     26.54
2013-07-15,     26.50
2013-07-16,     26.66
2013-07-17,     26.74
2013-07-18,     26.79
2013-07-19,     26.85
2013-07-20,     26.95
2013-07-21,     27.07
2013-07-22,     26.82
2013-07-23,     27.15
2013-07-24,     27.15
2013-07-25,     27.02
2013-07-26,     27.14
2013-07-28,     27.16
2013-07-29,     27.52
2013-07-30,     27.59
2013-07-31,     27.57
2013-08-01,     27.37
2013-08-02,     27.11
2013-08-03,     26.95
2013-08-04,     27.11
2013-08-05,     26.88
2013-08-06,     26.77
2013-08-07,     26.74
2013-08-08,     26.73
2013-08-09,     26.64
2013-08-10,     26.56
2013-08-11,     26.51
2013-08-12,     26.48
2013-08-13,     27.57
2013-08-14,     28.18
2013-08-15,     27.98
2013-08-16,     28.14
2013-08-17,     28.08
2013-08-18,     28.12
2013-08-19,     27.96
2013-08-20,     27.89
2013-08-21,     27.92
2013-08-22,     27.97
2013-08-23,     27.99
2013-08-24,     28.10
2013-08-25,     28.28
2013-08-26,     28.44
2013-08-27,     28.35
2013-08-28,     28.33
2013-08-29,     28.36
2013-08-30,     28.27
2013-08-31,     28.20
2013-09-01,     28.20
2013-09-02,     28.31
2013-09-03,     28.31
2013-09-04,     28.42
2013-09-05,     28.44
2013-09-06,     28.43
2013-09-07,     28.47
2013-09-08,     28.59
2013-09-09,     28.62
2013-09-10,     28.23
2013-09-11,     28.40
2013-09-12,     28.57
2013-09-13,     28.60
2013-09-14,     28.44
2013-09-15,     28.41
2013-09-16,     28.34
2013-09-17,     28.34
2013-09-18,     28.22
2013-09-19,     28.04
2013-09-20,     28.07
2013-09-21,     25.86
2013-09-22,     24.60
2013-09-23,     25.04
2013-09-24,     25.37
2013-09-25,     26.07
2013-09-26,     26.17
2015-05-05,     25.57
2015-05-06,     25.95
2015-05-07,     26.11
2015-05-08,     26.33
2015-05-09,     26.59
2015-05-10,     26.61
2015-05-11,     26.47
2015-05-12,     26.62
2015-05-13,     26.87
2015-05-14,     26.76
2015-05-15,     26.77
2015-05-16,     26.92
2015-05-17,     27.17
2015-05-18,     27.39
2015-05-19,     27.39
2015-05-20,     27.52
2015-05-21,     27.63
2015-05-22,     27.82
2015-05-23,     27.89
2015-05-24,     27.86
2015-05-25,     27.67
2015-05-26,     27.31
2015-05-27,     27.48
2015-05-28,     27.18
2015-05-29,     27.18
2015-05-30,     27.22
2015-05-31,     27.26
2015-06-01,     27.30
2015-06-02,     27.27
2015-06-03,     27.31
2015-06-04,     27.34
2015-06-05,     27.37
2015-06-06,     27.60
2015-06-07,     27.75
2015-06-08,     28.35
2015-06-09,     28.55
2015-06-10,     28.48
2015-06-11,     28.26
2015-06-12,     28.20
2015-06-13,     28.32
2015-06-14,     28.29
2015-06-15,     28.32
2015-06-16,     28.28
2015-06-17,     28.23
2015-06-18,     28.11
2015-06-19,     28.27
2015-06-20,     28.28
2015-06-21,     28.49
2015-06-22,     28.71
2015-06-23,     28.74
2015-06-24,     28.72
2015-06-25,     28.33
2015-06-26,     28.64
2015-06-27,     28.85
2015-06-28,     28.97
2015-06-29,     28.96
2015-06-30,     28.87
2015-07-01,     28.69
2015-07-02,     28.38
2015-07-03,     28.13
2015-07-04,     27.91
2015-07-05,     27.79
2015-07-06,     27.69
2015-07-07,     27.79
2015-07-08,     27.96
2015-07-09,     29.81
2015-07-10,     29.96
2015-07-11,     29.99
2015-07-12,     29.76
2015-08-13,     30.51
2015-08-14,     30.83
2015-08-15,     30.81
2015-08-16,     30.70
2015-08-17,     30.69
2015-08-18,     30.76
2015-08-19,     31.10
2015-08-20,     31.51
2015-08-21,     31.63
2015-08-22,     31.66
2015-08-23,     31.68
2015-08-24,     31.52
2015-08-25,     31.41
2015-08-26,     31.08
2015-08-27,     30.89
2015-08-28,     30.64
2015-08-29,     30.18
2015-08-30,     29.88
2015-08-31,     29.67
2015-09-01,     29.30
2015-09-02,     29.52
2015-09-03,     30.88
2015-09-04,     30.79
2015-09-05,     30.82
2015-09-06,     30.76
2015-09-07,     30.79
2015-09-08,     30.36
2015-09-09,     30.65
2015-09-10,     30.74
2015-09-11,     30.79
2015-09-12,     30.83
2015-09-13,     30.68
2015-09-14,     30.46
2015-09-15,     30.37
2015-09-16,     30.32
2015-09-17,     30.11
2015-09-18,     29.90
2015-09-19,     29.77
2015-09-20,     29.48
2015-09-21,     29.12
2015-09-22,     28.75
2015-09-23,     28.77
2015-09-24,     28.96
2015-09-25,     29.09
2015-09-26,     29.08
2015-09-27,     28.99
2015-09-28,     29.34
2015-09-29,     30.46
2015-09-30,     30.50
2015-10-01,     30.34
2015-10-02,     30.33
2015-10-03,     30.32
2015-10-04,     30.27
2015-10-05,     30.25
2015-10-06,     30.30
2015-10-07,     30.18
2015-10-08,     30.18
2015-10-09,     30.10
2015-10-10,     30.00
2015-10-11,     29.98
2015-10-12,     29.88
2015-10-13,     29.67
2015-10-14,     29.71
2015-10-15,     29.59
2015-10-16,     29.52
2015-10-17,     29.51
2015-10-18,     29.56
2015-10-19,     29.46
2015-10-20,     29.56
2015-10-21,     30.08
2015-10-22,     30.04
2015-10-23,     30.00
2015-10-24,     29.97
2015-10-25,     29.94
2015-10-26,     29.87
2015-10-27,     29.64
2015-10-28,     29.54
2015-10-29,     29.41
2015-10-30,     29.40
2015-10-31,     29.29
2015-11-01,     29.29
2015-11-02,     29.08
2015-11-03,     28.09
2015-11-04,     28.04
2015-11-05,     28.05
2015-11-06,     28.05
2015-11-07,     27.87
2015-11-08,     27.67
2015-11-09,     27.34
2015-11-10,     26.04
2015-11-11,     25.71
2015-11-12,     25.70
2015-11-13,     25.68
2015-11-14,     25.66
2015-11-15,     25.47
2015-11-16,     25.14
2015-11-17,     25.53
2015-11-18,     25.98
2015-11-19,     26.01
2015-11-20,     26.02
2015-11-21,     25.94
2015-11-22,     26.00
2015-11-23,     26.12
2015-11-24,     26.15
2015-11-25,     26.02
2015-11-26,     26.09
2015-11-27,     26.18
2015-11-28,     26.29
2015-11-29,     26.32
2015-11-30,     26.35
2015-12-01,     26.31
2015-12-02,     26.32
2015-12-03,     26.17
2015-12-04,     25.39
2015-12-05,     25.09
2015-12-06,     25.21
2015-12-07,     25.09
2015-12-08,     25.05
2015-12-10,     25.86
2015-12-11,     25.44
2015-12-12,     25.00
2015-12-13,     25.27
2015-12-15,     27.09
2015-12-16,     26.90
2015-12-17,     26.99
2015-12-18,     27.11
2015-12-19,     27.59
2015-12-20,     26.71
2015-12-21,     26.75
2015-12-22,     26.90
2015-12-23,     26.29
2015-12-24,     26.43
2015-12-25,     26.30
2015-12-26,     26.24
2015-12-27,     26.13
2015-12-28,     25.86
2015-12-29,     25.61
2015-12-30,     25.46
2015-12-31,     25.42
2016-01-01,     25.37
2016-01-02,     25.41
2016-01-03,     25.53
2016-01-04,     25.90
2016-01-05,     25.17
2016-01-06,     25.26
2016-01-19,      2.02
2016-01-20,     13.65
2016-01-21,     14.60
2016-01-22,     13.74
2016-01-23,     12.75
2016-01-24,     12.09
2016-01-25,     11.94
2016-01-26,     11.55
2016-01-27,     11.49
2016-01-28,     11.20
2016-01-29,     10.70
2016-01-30,     10.55
2016-01-31,     10.42
2016-02-01,     10.44
2016-02-02,     11.15
2016-02-03,     11.06
2016-02-04,     10.93
2016-02-05,     11.14
2016-02-06,     11.56
2016-02-07,     12.12
2016-02-08,     12.32
2016-02-09,     12.61
2016-02-10,     12.57
2016-02-11,     12.71
2016-02-12,     12.84
2016-02-13,     12.87
2016-02-14,     12.87
2016-02-15,     13.16
2016-02-16,     13.52
2016-02-17,     14.28
2016-02-18,     16.45
2016-02-19,     15.24
2016-02-20,     14.08
2016-02-21,     13.96
2016-02-22,     13.83
2016-02-23,     13.23
2016-03-22,      6.39
2016-03-23,      6.20
2016-03-24,      6.31
2016-03-25,      6.71
2016-03-26,      6.97
2016-03-27,      7.30
2016-03-28,      7.66
2016-03-29,      7.74
2016-03-30,      8.67
2016-03-31,      8.22
2016-04-01,      8.33
2016-04-02,      8.72
2016-04-03,      8.87
2016-04-04,      8.95
2016-04-05,      9.35
2016-04-06,      9.85
2016-04-07,     10.13
2016-04-08,     10.47
2016-04-09,     10.57
2016-04-10,     10.27
2016-04-11,     10.41
2016-04-12,     11.03
2016-04-13,     10.93
2016-04-14,     11.13
2016-04-15,     10.98
2016-04-16,     11.40
2016-04-17,     11.88
2016-04-18,     11.98
2016-04-19,     12.12
2016-04-20,     12.28
2016-04-21,     13.19
2016-04-22,     15.97
2016-04-23,     16.33
2016-04-24,     16.03
2016-04-25,     16.18
2016-04-26,     16.92
2016-04-27,     17.25
2016-04-28,     17.69
2016-04-29,     18.18
2016-04-30,     17.94
2016-05-01,     18.25
2016-05-02,     18.22
2016-05-03,     17.99
2016-05-04,     17.85
